381,Academician Berg (Seamount)
951,Adma River (River (basin))
546,Adriatic Sea (Sea/Bay/Gulf)
548,Aegean Sea (Sea/Bay/Gulf)
1675,Afrera (Lake)
1676,African East Mediterranean Coast (River (basin))
1674,African Red Sea Coast (River (basin))
194,Agnébi (River (basin))
1318,Agulhas (sea/bay/gulf)
1558,Agulhas Bank (Sea/Bay/Gulf)
238,Agulhas Current (Sea/Bay/Gulf)
334,Albegna (River (basin))
382,Albert Seamount (Seamount)
1402,Alboran Sea (Sea/Bay/Gulf)
1419,Aleutian Islands (Sea/Bay/Gulf)
219,Am-nok (River (basin))
1,Amazon (River (basin))
1438,Amazonia (Sea/Bay/Gulf)
384,Amber Seamount (Seamount)
1608,Amsterdam - St. Paul - province (Sea/Bay/Gulf)
1319,Amsterdam-St Paul (Sea/Bay/Gulf)
46,Amudar'ya (River (basin))
1594,Amundsen/Bellingshausen Sea (Sea/Bay/Gulf)
22,Amur (River (basin))
1320,Andaman (sea/bay/gulf)
1475,Andaman and Nicobar Islands (Sea/Bay/Gulf)
110,Andaman Sea (Sea/Bay/Gulf)
1476,Andaman Sea Coral Coast (Sea/Bay/Gulf)
1452,Angolan (Sea/Bay/Gulf)
1589,Antarctic Peninsula (Sea/Bay/Gulf)
259,Antarctica (Sea/Bay/Gulf)
1700,Antianambalana (River (basin))
1456,Arabian (Persian) Gulf (Sea/Bay/Gulf)
105,Arabian Sea (Sea/Bay/Gulf)
849,Arafura Sea (Sea/Bay/Gulf)
47,Araguaia (River (basin))
155,Aral Sea (Sea/Bay/Gulf)
1544,Araucanian (Sea/Bay/Gulf)
1205,Arctic (Sea/Bay/Gulf)
1610,Arctic - province (Sea/Bay/Gulf)
56,Arkansas River (River (basin))
1506,Arnhem Coast to Gulf of Carpenteria (Sea/Bay/Gulf)
791,Aruwimi River (River (basin))
8,Atlantic Ocean (Sea/Bay/Gulf)
1681,Atlantic Sahara Coast (River (basin))
400,Atlantis Seamount (Seamount)
274,Atulayan Bay (Sea/Bay/Gulf)
1598,Auckland Island (Sea/Bay/Gulf)
380,Australian (Zoogeographic realm)
1395,Azores Canaries Madeira (Sea/Bay/Gulf)
253,Azores Islands (Sea/Bay/Gulf)
135,Baffin Bay (Sea/Bay/Gulf)
564,Baffin Bay - Davis Strait (Sea/Bay/Gulf)
353,Bagmati (River (basin))
1429,Bahamian (Sea/Bay/Gulf)
1118,Balearic Islands (Sea/Bay/Gulf)
857,Balkan river drainages and lakes (River (basin))
554,Balsas river (River (basin))
104,Baltic Sea (Sea/Bay/Gulf)
953,Banda Sea (Sea/Bay/Gulf)
169,Bandama (River (basin))
385,Bank 8 (Seamount)
386,Bank 9 (Seamount)
387,Baral Seamount (Seamount)
133,Barents Sea (Sea/Bay/Gulf)
1650,Bashee (River (basin))
1571,Bassian (Sea/Bay/Gulf)
109,Bay of Bengal (Sea/Bay/Gulf)
419,Bear Seamount (Seamount)
121,Beaufort Sea (Sea/Bay/Gulf)
1378,Beaufort Sea - continental coast and shelf (Sea/Bay/Gulf)
1377,Beaufort-Amundsen-Viscount Melville-Queen Maud (Sea/Bay/Gulf)
824,Beijiang River (River (basin))
1701,Bemarivo (River (basin))
1321,Benguela (sea/bay/gulf)
150,Benguela Current (Sea/Bay/Gulf)
417,Bensbach River (River (basin))
170,Benue River (River (basin))
1647,Berg (River (basin))
1428,Bermuda (Sea/Bay/Gulf)
1685,Betsiboka (River (basin))
943,Bhimtal Lake (Lake)
171,Bia (River (basin))
1467,Bight of Sofala/Swamp Coast (Sea/Bay/Gulf)
1623,Bioko &amp; Sao Tomé e Principe (River (basin))
1500,Bismarck Sea (Sea/Bay/Gulf)
143,Black Sea (Sea/Bay/Gulf)
1599,Black Sea - province (Sea/Bay/Gulf)
1622,Black Volta (River (basin))
1760,Bohai Sea (Sea/Bay/Gulf)
1507,Bonaparte Coast (Sea/Bay/Gulf)
328,Bosten Lake (Lake)
1596,Bounty and Antipodes Islands (Sea/Bay/Gulf)
1679,Bouregreg (River (basin))
1583,Bouvet Island (Sea/Bay/Gulf)
41,Brahmaputra (River (basin))
388,Brooks Banks (Seamount)
207,Buba (River (basin))
1645,Buffels (River (basin))
950,Buxa River (River (basin))
367,Calamianes Islands (Sea/Bay/Gulf)
345,Calauag Bay (Sea/Bay/Gulf)
132,California Current (Sea/Bay/Gulf)
1597,Campbell Island (Sea/Bay/Gulf)
227,Canadian Eastern Arctic - West Greenland (Sea/Bay/Gulf)
563,Canadian High Arctic - North Greenland (Sea/Bay/Gulf)
1698,Canal des Pangalanes (River (basin))
142,Canary Current (Sea/Bay/Gulf)
541,Cantabrian Sea (Sea/Bay/Gulf)
1570,Cape Howe (Sea/Bay/Gulf)
1445,Cape Verde (Sea/Bay/Gulf)
1706,Cape Verde Islands (River (basin))
1629,Caporolo (River (basin))
1463,Cargados Carajos/Tromelin Island (Sea/Bay/Gulf)
145,Caribbean Sea (Sea/Bay/Gulf)
338,Carigara Bay (Sea/Bay/Gulf)
1408,Carolinian (Sea/Bay/Gulf)
172,Casamance (River (basin))
154,Caspian Sea (Lake)
1628,Catumbela (River (basin))
312,Cauvery (River (basin))
173,Cavally (River (basin))
570,Celestún Biosphere Reserve (Sea/Bay/Gulf)
1392,Celtic Seas (Sea/Bay/Gulf)
235,Celtic-Biscay Shelf (Sea/Bay/Gulf)
1509,Central and Southern Great Barrier Reef (Sea/Bay/Gulf)
10,Central Arctic (Sea/Bay/Gulf)
1543,Central Chile (Sea/Bay/Gulf)
1322,Central Indian Ocean Islands (sea/bay/gulf)
1206,Central Indo-Pacific (sea/bay/gulf)
1417,Central Kuroshio Current (Sea/Bay/Gulf)
1565,Central New Zealand (Sea/Bay/Gulf)
1541,Central Peru (Sea/Bay/Gulf)
1323,Central Polynesia (sea/bay/gulf)
1459,Central Somali Coast (Sea/Bay/Gulf)
191,Cess (River (basin))
1662,Chad (Lake)
81,Chad (River (basin))
1472,Chagos (Sea/Bay/Gulf)
306,Chang-hwa (Sea/Bay/Gulf)
1553,Channels and Fjords of Southern Chile (Sea/Bay/Gulf)
161,Chao Phraya River (River (basin))
1564,Chatham Island (Sea/Bay/Gulf)
1071,Chesapeake Bay (Sea/Bay/Gulf)
1533,Chiapas-Nicaragua (Sea/Bay/Gulf)
318,Chiku River (River (basin))
211,Chilika Lake/Lagoon (Lagoon)
1554,Chiloense (Sea/Bay/Gulf)
1634,Chiniziua (River (basin))
315,Chittar River (River (basin))
248,Chobe (River (basin))
1780,Chukchi Sea (Sea/Bay/Gulf)
1531,Clipperton (Sea/Bay/Gulf)
1630,Coastal Southwest Angola (River (basin))
371,Cobb Seamount (Seamount)
1535,Cocos Islands (Sea/Bay/Gulf)
1486,Cocos-Keeling/Christmas Island (Sea/Bay/Gulf)
389,Colahan Seamount (Seamount)
1324,Cold Temperate Northeast Pacific (sea/bay/gulf)
1325,Cold Temperate Northwest Atlantic (sea/bay/gulf)
1326,Cold Temperate Northwest Pacific (sea/bay/gulf)
57,Colorado River (River (basin))
59,Columbia (River (basin))
179,Comoé (River (basin))
1702,Comoros (River (basin))
6,Congo (River (basin))
1327,Continental High Antarctic (sea/bay/gulf)
1516,Coral Sea (Sea/Bay/Gulf)
128,Coral Sea and GBR (Sea/Bay/Gulf)
1117,Corsica Island (Sea/Bay/Gulf)
1426,Cortezian (Sea/Bay/Gulf)
195,Corubal (River (basin))
1121,Crete Island (Sea/Bay/Gulf)
176,Cross (River (basin))
372,Cross Seamount (Seamount)
1581,Crozet Islands (Sea/Bay/Gulf)
390,Cruiser Tablemount (Seamount)
391,Cupole Seamount (Seamount)
946,Da River (River (basin))
945,Dakrong River (River (basin))
1625,Dande (River (basin))
40,Danube (River (basin))
295,Davao Gulf (Sea/Bay/Gulf)
1468,Delagoa (Sea/Bay/Gulf)
275,Discovery Bay (Sea/Bay/Gulf)
80,Dnester (River (basin))
58,Dnieper (River (basin))
66,Don (River (basin))
366,Dordogne (River (basin))
392,Dorofeyev Seamount (Seamount)
1461,East African Coral Coast (Sea/Bay/Gulf)
1592,East Antarctic Dronning Maud Land (Sea/Bay/Gulf)
1591,East Antarctic Enderby Land (Sea/Bay/Gulf)
1590,East Antarctic Wilkes Land (Sea/Bay/Gulf)
256,East Bering Sea (Sea/Bay/Gulf)
268,East Brazil Shelf (Sea/Bay/Gulf)
1490,East Caroline Islands (Sea/Bay/Gulf)
263,East Central Australian Shelf (Sea/Bay/Gulf)
258,East China Sea (Sea/Bay/Gulf)
1369,East Greenland Shelf (Sea/Bay/Gulf)
270,East Siberian Sea (Sea/Bay/Gulf)
1328,Easter Island (Sea/Bay/Gulf)
1605,Easter Island - province (Sea/Bay/Gulf)
1380,Eastern Bering Sea (Sea/Bay/Gulf)
1442,Eastern Brazil (Sea/Bay/Gulf)
1430,Eastern Caribbean (Sea/Bay/Gulf)
1663,Eastern Chad System (River (basin))
1329,Eastern Coral Triangle (sea/bay/gulf)
1539,Eastern Galapagos Islands (Sea/Bay/Gulf)
1473,Eastern India (Sea/Bay/Gulf)
1207,Eastern Indo-Pacific (sea/bay/gulf)
1493,Eastern Philippines (Sea/Bay/Gulf)
209,Ébrié Lagoon (Lagoon)
393,Ecliptic Seamount (Seamount)
1678,El Hammam (River (basin))
86,Elbe River (River (basin))
529,English Channel (Sea/Bay/Gulf)
394,Equator Seamount (Seamount)
307,Erh-jen-shi (Sea/Bay/Gulf)
320,Erhjen River (River (basin))
326,Erqishi River (River (basin))
378,Ethiopian (Zoogeographic realm)
1639,Etosha (Lake)
42,Euphrates (River (basin))
1510,Exmouth to Broome (Sea/Bay/Gulf)
228,Faroe Plateau (Sea/Bay/Gulf)
208,Fatala (River (basin))
1440,Fernando de Naronha and Atoll das Rocas (Sea/Bay/Gulf)
1513,Fiji Islands (Sea/Bay/Gulf)
1641,Fish (River (basin))
1436,Floridian (Sea/Bay/Gulf)
82,Fraser (River (basin))
1330,Galapagos (sea/bay/gulf)
542,Galician Shelf (Sea/Bay/Gulf)
89,Gambia (River (basin))
1649,Gamtoos (River (basin))
52,Ganges (River (basin))
351,Gaylegphug (River (basin))
189,Géba (River (basin))
1759,German Bight (Sea/Bay/Gulf)
1520,Gilbert/Ellis Islands (Sea/Bay/Gulf)
78,Godavari (River (basin))
1633,Gorongosa (River (basin))
1648,Gouritz (River (basin))
1632,Govuro (River (basin))
112,Great Australian Bight (Sea/Bay/Gulf)
243,Great Barrier Reef (Sea/Bay/Gulf)
545,Great Lake (Lake)
151,Great Lakes (Lake)
373,Great Meteor Tablemount (Seamount)
175,Great Scarcies (River (basin))
395,Great Seamount (Seamount)
1431,Greater Antilles (Sea/Bay/Gulf)
229,Greenland Sea (Sea/Bay/Gulf)
1537,Guayaquil (Sea/Bay/Gulf)
1437,Guianan (Sea/Bay/Gulf)
148,Guinea Current (Sea/Bay/Gulf)
107,Gulf of Aden (Sea/Bay/Gulf)
122,Gulf of Alaska (Sea/Bay/Gulf)
525,Gulf of Aqaba (Sea/Bay/Gulf)
165,Gulf of California (Sea/Bay/Gulf)
1331,Gulf of Guinea (sea/bay/gulf)
1449,Gulf of Guinea Central (Sea/Bay/Gulf)
1450,Gulf of Guinea Islands (Sea/Bay/Gulf)
1451,Gulf of Guinea South (Sea/Bay/Gulf)
1448,Gulf of Guinea Upwelling (Sea/Bay/Gulf)
1447,Gulf of Guinea West (Sea/Bay/Gulf)
369,Gulf of Maine (Sea/Bay/Gulf)
1406,Gulf of Maine/Bay of Fundy (Sea/Bay/Gulf)
144,Gulf of Mexico (Sea/Bay/Gulf)
108,Gulf of Oman (Sea/Bay/Gulf)
1504,Gulf of Papua (Sea/Bay/Gulf)
1403,Gulf of St. Lawrence - Eastern Scotian Shelf (Sea/Bay/Gulf)
260,Gulf of Thailand (Sea/Bay/Gulf)
1478,Gulf of Tonkin (Sea/Bay/Gulf)
1495,Halmahera (Sea/Bay/Gulf)
222,Han (River (basin))
397,Hancock Northwest Seamount (Seamount)
398,Hancock Southeast Seamount (Seamount)
1332,Hawaii (Sea/Bay/Gulf)
1603,Hawaii - province (Sea/Bay/Gulf)
1579,Heard and Macdonald Islands (Sea/Bay/Gulf)
1069,Hecate Strait (Sea/Bay/Gulf)
1376,High Arctic Archipelago (Sea/Bay/Gulf)
1724,Honda Bay (Sea/Bay/Gulf)
1671,Horn of Africa (River (basin))
1577,Houtman (Sea/Bay/Gulf)
308,Hsiao-liu-chiu (Sea/Bay/Gulf)
303,Hsin-chu (Sea/Bay/Gulf)
136,Hudson Bay Complex (Sea/Bay/Gulf)
1374,Hudson Complex (Sea/Bay/Gulf)
237,Humboldt Current (Sea/Bay/Gulf)
1542,Humboldtian (Sea/Bay/Gulf)
230,Iberian Coastal (Sea/Bay/Gulf)
231,Iceland Shelf and Sea (Sea/Bay/Gulf)
401,Ichthyologists Seamount (Seamount)
528,Iguazú River (River (basin))
7,Indian Ocean (Sea/Bay/Gulf)
245,Indonesian Sea (Sea/Bay/Gulf)
34,Indus (River (basin))
1631,Inharrime (River (basin))
402,Initial Seamount (Seamount)
166,Insular Pacific-Hawaiian (Sea/Bay/Gulf)
1104,Ionian Sea (Sea/Bay/Gulf)
533,Irish Sea (Sea/Bay/Gulf)
60,Irrawaddy (River (basin))
348,Issyk-Kul Lake (Lake)
793,Itimbiri River (River (basin))
1333,Java Transitional (sea/bay/gulf)
952,Jayanti River (River (basin))
403,Jingu Seamount (Seamount)
1103,Johnstone Strait (Sea/Bay/Gulf)
404,Josephine Seamount (Seamount)
1102,Juan de Fuca Strait (Sea/Bay/Gulf)
1334,Juan Fernandez and Desventuradas (sea/bay/gulf)
1606,Juan Fernández and Desventuradas - province (Sea/Bay/Gulf)
406,Jumeau East Seamount (Seamount)
405,Jumeau West Seamount (Seamount)
358,Kabul (River (basin))
1636,Kafue (River (basin))
407,Kaimon Maru Seamount (Seamount)
202,Kainji Lake (Lake)
355,Kali Gandaki (River (basin))
62,Kama (River (basin))
383,Kamchatka (Sea/Bay/Gulf)
1412,Kamchatka Shelf and Coast (Sea/Bay/Gulf)
408,Kammu Seamount (Seamount)
321,Kaoping River (River (basin))
116,Kara Sea (Sea/Bay/Gulf)
409,Karandash Seamount (Seamount)
204,Kariba (Lake)
356,Karnali (River (basin))
794,Kasai River (River (basin))
1580,Kerguelen Islands (Sea/Bay/Gulf)
1561,Kermadec Island (Sea/Bay/Gulf)
210,Kimbe Bay (Sea/Bay/Gulf)
410,Kimmei and Koko Seamounts (Seamount)
203,Kivu (Lake)
87,Kizilirmak (River (basin))
192,Kogon (River (basin))
51,Kolyma (River (basin))
174,Konkouré (River (basin))
354,Kosi (River (basin))
771,Kouilou-Niari (River (basin))
314,Krishna River (River (basin))
480,Kuban River (River (basin))
226,Kum (River (basin))
448,Kunene (River (basin))
75,Kura (River (basin))
236,Kuroshio Current (Sea/Bay/Gulf)
251,Kwando River (River (basin))
796,Kwango River (River (basin))
797,Kwilu River (River (basin))
134,Labrador - Newfoundland (Sea/Bay/Gulf)
291,Lagonoy Gulf (Sea/Bay/Gulf)
272,Laguna de Bay (Lake)
567,Laguna de Términos (Lagoon)
568,Laguna del Mar Muerto (Lagoon)
156,Lake Baikal (Lake)
214,Lake Biwa (Lake)
294,Lake Lanao (Lake)
1112,Lake Mainit (Lake)
12,Lake Malawi (Lake)
162,Lake Rukwa (Lake)
212,Lake Turkana (Lake)
1669,Lamu Region (River (basin))
1375,Lancaster Sound (Sea/Bay/Gulf)
1184,Lanuza Bay (Sea/Bay/Gulf)
271,Laptev Sea (Sea/Bay/Gulf)
543,Le Danois Bank (Seamount)
1575,Leeuwin (Sea/Bay/Gulf)
809,Léfini-Likouala Region (River (basin))
23,Lena (River (basin))
1498,Lesser Sunda (Sea/Bay/Gulf)
1398,Levantine Sea (Sea/Bay/Gulf)
288,Leyte Gulf (Sea/Bay/Gulf)
249,Liambezi (Lake)
1652,Licungo (River (basin))
1655,Ligonha (River (basin))
73,Limpopo (River (basin))
801,Lindi-Tshopo Region (River (basin))
1521,Line Islands (Sea/Bay/Gulf)
276,Lingayen Gulf (Sea/Bay/Gulf)
1694,Linta (River (basin))
250,Linyanti Swamp (Lake)
178,Little Scarcies (River (basin))
187,Lofa (River (basin))
95,Loire (River (basin))
803,Lomami River (River (basin))
413,Long Seamount (Seamount)
1626,Longa (River (basin))
1335,Lord Howe and Norfolk Islands (sea/bay/gulf)
1602,Lord Howe and Norfolk Islands - province (Sea/Bay/Gulf)
804,Lower Congo (River (basin))
1640,Lower Orange (River (basin))
305,Lu-kang (Sea/Bay/Gulf)
805,Lualaba (River (basin))
806,Luapula (River (basin))
807,Lukenie (River (basin))
1664,Lukuledi (River (basin))
808,Lulonga (River (basin))
1635,Luongwa (River (basin))
1659,Lurio (River (basin))
1336,Lusitanian (sea/bay/gulf)
299,Lutao Island (Sea/Bay/Gulf)
1624,M'Bridge (River (basin))
947,Ma River (River (basin))
24,Mackenzie (River (basin))
1578,Macquarie Island (Sea/Bay/Gulf)
32,Madeira (River (basin))
1705,Madeira &amp; Canary Islands (River (basin))
441,Mae Klong (River (basin))
1683,Maevarano (River (basin))
1667,Mafia Island (River (basin))
74,Magdalena (River (basin))
1427,Magdalena Transition (Sea/Bay/Gulf)
1337,Magellanic (sea/bay/gulf)
1682,Mahavavy Nord (River (basin))
1686,Mahavavy Sud (River (basin))
798,Mai-Ndombe (Lake)
1637,Makgadikgadi (River (basin))
1484,Malacca Strait (Sea/Bay/Gulf)
810,Malagarazi (River (basin))
1613,Malalag Bay (Sea/Bay/Gulf)
1471,Maldives (Sea/Bay/Gulf)
811,Malebo Pool (Lake)
1552,Malvinas/Falklands (Sea/Bay/Gulf)
1688,Manambao (River (basin))
1689,Manambolo (River (basin))
1695,Manambovo (River (basin))
1697,Mananara Sud (River (basin))
1687,Manangoza (River (basin))
1696,Mandrare (River (basin))
1692,Mangoky (River (basin))
283,Manila Bay (Sea/Bay/Gulf)
1699,Maningory (River (basin))
1569,Manning-Hawkesbury (Sea/Bay/Gulf)
1616,Mano (River (basin))
70,Marañón (River (basin))
1489,Mariana Islands (Sea/Bay/Gulf)
812,Marine Lower Congo (River (basin))
1338,Marquesas (Sea/Bay/Gulf)
1604,Marquesas - province (Sea/Bay/Gulf)
1519,Marshall Islands (Sea/Bay/Gulf)
1339,Marshall, Gilbert, and Ellis Islands (sea/bay/gulf)
1704,Mascarene Islands (River (basin))
1464,Mascarene Islands (Sea/Bay/Gulf)
1666,Matandu (River (basin))
414,Mayday Seamount (Seamount)
1665,Mbwemburu (River (basin))
1658,Mecuburi (River (basin))
13,Mediterranean Sea (Sea/Bay/Gulf)
21,Mekong (River (basin))
1654,Melela (River (basin))
1656,Meluli (River (basin))
1660,Messalo (River (basin))
98,Meuse (River (basin))
1532,Mexican Tropical Pacific (Sea/Bay/Gulf)
415,Middle Bank (Seamount)
813,Middle Congo (River (basin))
1661,Middle Nile (River (basin))
273,Milne Bay (Sea/Bay/Gulf)
416,Milwaukee Group Seamount (Seamount)
577,Mississippi Complex (River (basin))
28,Mississippi River (River (basin))
15,Mississippi-Missouri (River (basin))
27,Missouri River (River (basin))
197,Moa (River (basin))
1642,Molopo (River (basin))
1657,Monapo (River (basin))
814,Mongala (River (basin))
185,Mono (River (basin))
1612,Moro Gulf (Sea/Bay/Gulf)
1691,Morondava (River (basin))
29,Murray-Darling (River (basin))
799,Mweru (Lake)
941,Nainital Lake (Lake)
551,Nakdong (River (basin))
1557,Namaqua (Sea/Bay/Gulf)
1556,Namib (Sea/Bay/Gulf)
1638,Namib Desert (River (basin))
1559,Natal (Sea/Bay/Gulf)
1111,Naujan Lake (Lake)
944,Naukuchiatal Lake (Lake)
375,Nearctic (Zoogeographic realm)
63,Negro (River (basin))
49,Nelson-Saskatchewan (River (basin))
376,Neotropical (Zoogeographic realm)
420,Nero Seamount (Seamount)
1515,New Caledonia (Sea/Bay/Gulf)
164,New Zealand Shelf (Sea/Bay/Gulf)
1534,Nicoya (Sea/Bay/Gulf)
26,Niger (River (basin))
2,Nile (River (basin))
1511,Ningaloo (Sea/Bay/Gulf)
422,Nintoku Seamount (Seamount)
1421,North American Pacific Fijordland (Sea/Bay/Gulf)
1384,North and East Barents Sea (Sea/Bay/Gulf)
1368,North and East Iceland (Sea/Bay/Gulf)
244,North Australian Shelf (Sea/Bay/Gulf)
241,North Brazil Shelf (Sea/Bay/Gulf)
1367,North Greenland (Sea/Bay/Gulf)
1550,North Patagonian Gulfs (Sea/Bay/Gulf)
139,North Sea (Sea/Bay/Gulf)
117,North Siberian Waters (Sea/Bay/Gulf)
423,Northampton Seamount (Seamount)
261,Northeast Australian Shelf (Sea/Bay/Gulf)
1499,Northeast Sulawesi (Sea/Bay/Gulf)
233,Northeast U.S. Continental Shelf (Sea/Bay/Gulf)
1441,Northeastern Brazil (Sea/Bay/Gulf)
1414,Northeastern Honshu (Sea/Bay/Gulf)
1562,Northeastern New Zealand (Sea/Bay/Gulf)
1453,Northern and Central Red Sea (Sea/Bay/Gulf)
1474,Northern Bay of Bengal (Sea/Bay/Gulf)
118,Northern Bering - Chukchi Seas (Sea/Bay/Gulf)
1424,Northern California (Sea/Bay/Gulf)
1340,Northern European Seas (Sea/Bay/Gulf)
1538,Northern Galapagos Islands (Sea/Bay/Gulf)
1371,Northern Grand Banks - Southern Labrador (Sea/Bay/Gulf)
1409,Northern Gulf of Mexico (Sea/Bay/Gulf)
1372,Northern Labrador (Sea/Bay/Gulf)
1460,Northern Monsoon Current Coast (Sea/Bay/Gulf)
1341,Northern New Zealand (sea/bay/gulf)
1389,Northern Norway and Finnmark (Sea/Bay/Gulf)
1673,Northern Rift Valley Lakes (Lake)
267,Northwest Australian Shelf (Sea/Bay/Gulf)
138,Norwegian Sea (Sea/Bay/Gulf)
16,Ob-Irtysh (River (basin))
99,Oder (River (basin))
1488,Ogasawara Islands (Sea/Bay/Gulf)
444,Ogowe (River (basin))
196,Ogun (River (basin))
69,Okavango (River (basin))
333,Ombrone (River (basin))
497,Onega River (River (basin))
1693,Onilahy (River (basin))
67,Orange (River (basin))
1423,Oregon, Washington, Vancouver Coast and Shelf (Sea/Bay/Gulf)
379,Oriental (Zoogeographic realm)
53,Orinoco (River (basin))
316,Ormoc Bay (Sea/Bay/Gulf)
1620,Oti (River (basin))
181,Ouémé (River (basin))
1680,Oum Er-Rbia (River (basin))
246,Oyashio Current (Sea/Bay/Gulf)
239,Pacific Central-American Coastal (Sea/Bay/Gulf)
9,Pacific Ocean (Sea/Bay/Gulf)
279,Pagbilao Bay (Sea/Bay/Gulf)
1492,Palawan/North Borneo (Sea/Bay/Gulf)
377,Palearctic (Zoogeographic realm)
193,Pampana (River (basin))
1536,Panama Bight (Sea/Bay/Gulf)
282,Panay Gulf (Sea/Bay/Gulf)
347,Panguil Bay (Sea/Bay/Gulf)
575,Papaloapan/Yucatán Complex (River (basin))
1496,Papua (Sea/Bay/Gulf)
43,Pará-Tocantins (River (basin))
48,Paraguay (River (basin))
19,Paraná (River (basin))
114,Patagonian Shelf (Sea/Bay/Gulf)
555,Patos Lagoon (Lagoon)
750,Pearl River (China) (River (basin))
424,Pearl Seamount (Seamount)
68,Pechora (River (basin))
309,Peng-hu Island (Sea/Bay/Gulf)
556,Penobscot Bay (Sea/Bay/Gulf)
332,Periyar (Lake)
106,Persian Gulf (Sea/Bay/Gulf)
130,Peru-Galapagos Waters (Sea/Bay/Gulf)
1584,Peter the First Island (Sea/Bay/Gulf)
1757,Philippine Rise (Seamount)
1522,Phoenix/Tokelau/Northern Cook Islands (Sea/Bay/Gulf)
55,Pilcomayo (River (basin))
425,Plateau Seamount (Seamount)
127,Polynesian Waters (Sea/Bay/Gulf)
768,Pongolo (River (basin))
183,Pra (River (basin))
1582,Prince Edward Islands (Sea/Bay/Gulf)
426,Professor Mesyatzev Seamount (Seamount)
1068,Puget Sound (Sea/Bay/Gulf)
1422,Puget Trough/Georgia Basin (Sea/Bay/Gulf)
31,Purús (River (basin))
1627,Quicombo (River (basin))
287,Ragay Gulf (Sea/Bay/Gulf)
427,Raita Bank (Seamount)
1525,Rapa-Pitcairn (Sea/Bay/Gulf)
1653,Raraga (River (basin))
442,Red River (River (basin))
5,Red Sea (Sea/Bay/Gulf)
1342,Red Sea and Gulf of Aden (sea/bay/gulf)
1530,Revillagigedos (Sea/Bay/Gulf)
83,Rhine (River (basin))
1778,Ria de Arousa (Sea/Bay/Gulf)
1548,Rio de la Plata (Sea/Bay/Gulf)
39,Rio Grande (River (basin))
1609,Rio Grande (Sea/Bay/Gulf)
576,Rio Grande/Bravo Complex (River (basin))
198,Rokel (River (basin))
1646,Rooivlei Laagte (River (basin))
1072,Ross Sea (Sea/Bay/Gulf)
323,Ruerhmen River (River (basin))
815,Ruki River Region (River (basin))
816,Rusizi (River (basin))
216,Sabaki (River (basin))
769,Sabi (River (basin))
1394,Saharan Upwelling (Sea/Bay/Gulf)
1446,Sahelian Upwelling (Sea/Bay/Gulf)
1343,Sahul Shelf (sea/bay/gulf)
201,Saint John (River (basin))
182,Saint Paul (River (basin))
429,Saint Rogatien Bank (Seamount)
501,Sakhalin Island (River (basin))
396,Sala y Gomez (Seamount)
1067,Salish Sea (Sea/Bay/Gulf)
430,Salmon Bank (Seamount)
206,Saloum (River (basin))
157,Salween (River (basin))
280,Samar Sea (Sea/Bay/Gulf)
1523,Samoa Islands (Sea/Bay/Gulf)
290,San Miguel Bay (Sea/Bay/Gulf)
337,San Pedro Bay (Sea/Bay/Gulf)
443,Sanaga (River (basin))
817,Sangha (River (basin))
818,Sankuru (River (basin))
38,São Francisco (River (basin))
1439,Sao Pedro and Sao Paulo Islands (Sea/Bay/Gulf)
1611,Sarangani Bay (Sea/Bay/Gulf)
1120,Sardinia Island (Sea/Bay/Gulf)
141,Sargasso Sea (Sea/Bay/Gulf)
180,Sassandra (River (basin))
540,Saya de Malha Bank (Seamount)
1615,Scarcies (River (basin))
113,Scotia Sea (Sea/Bay/Gulf)
232,Scotian Shelf (Sea/Bay/Gulf)
153,Sea of Azov (Sea/Bay/Gulf)
123,Sea of Japan/East Sea (Sea/Bay/Gulf)
549,Sea of Marmara (Sea/Bay/Gulf)
119,Sea of Okhotsk (Sea/Bay/Gulf)
1617,Sehnkwehn (River (basin))
100,Seine (River (basin))
79,Senegal (River (basin))
188,Sewa (River (basin))
1462,Seychelles (Sea/Bay/Gulf)
1703,Seychelles Islands (River (basin))
1677,Sfax Region (River (basin))
54,Shabeelle (River (basin))
1576,Shark Bay (Sea/Bay/Gulf)
324,Shihtsao River (River (basin))
300,Shiliao River (River (basin))
252,Shire (River (basin))
1119,Sicily Island (Sea/Bay/Gulf)
574,Sierra Madre Occidental Complex (River (basin))
446,Sikao Creek (River (basin))
1567,Snares Island (Sea/Bay/Gulf)
1527,Society Islands (Sea/Bay/Gulf)
1815,Socotra Archipelago (Sea/Bay/Gulf)
1684,Sofia (River (basin))
289,Sogod Bay (Sea/Bay/Gulf)
1501,Solomon Archipelago (Sea/Bay/Gulf)
1502,Solomon Sea (Sea/Bay/Gulf)
242,Somali Coastal Current (Sea/Bay/Gulf)
1344,Somali/Arabian (sea/bay/gulf)
343,Sorsogon Bay (Sea/Bay/Gulf)
1386,South and West Iceland (Sea/Bay/Gulf)
1573,South Australian Gulfs (Sea/Bay/Gulf)
269,South Brazil Shelf (Sea/Bay/Gulf)
11,South China Sea (Sea/Bay/Gulf)
1480,South China Sea Oceanic Islands (Sea/Bay/Gulf)
1393,South European Atlantic Shelf (Sea/Bay/Gulf)
1586,South Georgia (Sea/Bay/Gulf)
1470,South India and Sri Lanka (Sea/Bay/Gulf)
1345,South Kuroshio (Sea/Bay/Gulf)
1601,South Kuroshio - province (Sea/Bay/Gulf)
1566,South New Zealand (Sea/Bay/Gulf)
1587,South Orkney Islands (Sea/Bay/Gulf)
1585,South Sandwich Islands (Sea/Bay/Gulf)
152,South Scotia Sea (Sea/Bay/Gulf)
1588,South Shetland Islands (Sea/Bay/Gulf)
265,South West Australian Shelf (Sea/Bay/Gulf)
264,Southeast Australian Shelf (Sea/Bay/Gulf)
1465,Southeast Madagascar (Sea/Bay/Gulf)
1503,Southeast Papua New Guinea (Sea/Bay/Gulf)
1346,Southeast Polynesia (sea/bay/gulf)
140,Southeast U.S. Continental Shelf (Sea/Bay/Gulf)
1546,Southeastern Brazil (Sea/Bay/Gulf)
1425,Southern California Bight (Sea/Bay/Gulf)
1432,Southern Caribbean (Sea/Bay/Gulf)
1479,Southern China (Sea/Bay/Gulf)
1526,Southern Cook/Austral Islands (Sea/Bay/Gulf)
1404,Southern Grand Banks - South Newfoundland (Sea/Bay/Gulf)
1435,Southern Gulf of Mexico (Sea/Bay/Gulf)
1485,Southern Java (Sea/Bay/Gulf)
1347,Southern New Zealand (sea/bay/gulf)
1388,Southern Norway (Sea/Bay/Gulf)
1208,Southern Ocean (sea/bay/gulf)
1183,Southern Palawan (Sea/Bay/Gulf)
1454,Southern Red Sea (Sea/Bay/Gulf)
1670,Southern Rift Valley Lakes (Lake)
1482,Southern Vietnam (Sea/Bay/Gulf)
131,Southwest Chilean Waters (Sea/Bay/Gulf)
1433,Southwestern Caribbean (Sea/Bay/Gulf)
431,Sponge Seamount (Seamount)
526,Spratly Islands (Sea/Bay/Gulf)
1348,St. Helena and Ascension Islands (Sea/Bay/Gulf)
1600,St. Helena and Ascension Islands - province (Sea/Bay/Gulf)
37,St. Lawrence (River (basin))
432,Star Seamount (Seamount)
1066,Strait of Georgia (Sea/Bay/Gulf)
1065,Strait of Magellan (Sea/Bay/Gulf)
433,Stylaster Seamount (Seamount)
1349,Subantarctic Islands (sea/bay/gulf)
1350,Subantarctic New Zealand (sea/bay/gulf)
434,Suiko Seamount (Seamount)
1494,Sulawesi Sea/Makassar Strait (Sea/Bay/Gulf)
126,Sulu-Celebes Sea (Sea/Bay/Gulf)
553,Sumjin (River (basin))
1351,Sunda Shelf (sea/bay/gulf)
1483,Sunda Shelf/Java Sea (Sea/Bay/Gulf)
35,Syrdar'ya (River (basin))
293,Taal Lake (Lake)
96,Tagus (River (basin))
304,Tai-chung (Sea/Bay/Gulf)
217,Tana River (River (basin))
4,Tanganyika (Lake)
186,Tano (River (basin))
281,Tañon Strait (Sea/Bay/Gulf)
319,Tanshui River (River (basin))
44,Tarim (River (basin))
129,Tasman Sea (Sea/Bay/Gulf)
559,Tawi tawi Bay (Sea/Bay/Gulf)
346,Tayabas Bay (Sea/Bay/Gulf)
1209,Temperate Australasia (sea/bay/gulf)
1210,Temperate Northern Atlantic (sea/bay/gulf)
1211,Temperate Northern Pacific (sea/bay/gulf)
1212,Temperate South America (sea/bay/gulf)
1213,Temperate Southern Africa (sea/bay/gulf)
91,Tennessee River (River (basin))
1563,Three Kings-North Cape (Sea/Bay/Gulf)
65,Tigris (River (basin))
547,Toba (Lake)
1512,Tonga Islands (Sea/Bay/Gulf)
286,Tonle Sap (Lake)
1508,Torres Strait Northern Great Barrier Reef (Sea/Bay/Gulf)
1443,Trindade and Martin Vaz Islands (Sea/Bay/Gulf)
1352,Tristan Gough (Sea/Bay/Gulf)
1607,Tristan Gough - province (Sea/Bay/Gulf)
1214,Tropical Atlantic (sea/bay/gulf)
1353,Tropical East Pacific (sea/bay/gulf)
1215,Tropical Eastern Pacific (sea/bay/gulf)
1354,Tropical Northwestern Atlantic (sea/bay/gulf)
1355,Tropical Northwestern Pacific (sea/bay/gulf)
1356,Tropical Southwestern Atlantic (sea/bay/gulf)
1357,Tropical Southwestern Pacific (sea/bay/gulf)
298,Tsengwen River (River (basin))
1690,Tsiribihina (River (basin))
1524,Tuamotus (Sea/Bay/Gulf)
449,Tubbataha Reefs (Sea/Bay/Gulf)
800,Tumba (Lake)
301,Tung-hsiao (Sea/Bay/Gulf)
1399,Tunisian Plateau/Gulf of Sidra (Sea/Bay/Gulf)
435,Turnif Seamount (Seamount)
1568,Tweed-Moreton (Sea/Bay/Gulf)
436,Twin Banks (Seamount)
822,Ubangui (River (basin))
820,Uélé (River (basin))
297,Ulugan Bay (Sea/Bay/Gulf)
1651,Umzimvubu (River (basin))
819,Upper Lualaba (River (basin))
1644,Upper Orange (River (basin))
50,Ural (River (basin))
71,Uruguay (River (basin))
1549,Uruguay-Buenos Aires Shelf (Sea/Bay/Gulf)
1643,Vaal (River (basin))
1514,Vanuatu (Sea/Bay/Gulf)
278,Verde Island Passage (Sea/Bay/Gulf)
3,Victoria (Lake)
1407,Virginian (Sea/Bay/Gulf)
284,Visayan Sea (Sea/Bay/Gulf)
94,Vistula (River (basin))
30,Volga (River (basin))
1619,Volta (Lake)
72,Volta (River (basin))
1618,Volta Delta (River (basin))
296,Waccamaw (Lake)
821,Wagenia Falls (River (basin))
302,Wan-li-tung (Sea/Bay/Gulf)
1358,Warm Temperate Northeast Pacific (sea/bay/gulf)
1359,Warm Temperate Northwest Atlantic (sea/bay/gulf)
1360,Warm Temperate Northwest Pacific (sea/bay/gulf)
1361,Warm Temperate Southeastern Pacific (sea/bay/gulf)
1362,Warm Temperate Southwestern Atlantic (sea/bay/gulf)
115,Weddell Sea (Sea/Bay/Gulf)
1363,West African Transition (sea/bay/gulf)
1364,West and South Indian Shelf (sea/bay/gulf)
255,West Bering Sea (Sea/Bay/Gulf)
1491,West Caroline Islands (Sea/Bay/Gulf)
266,West Central Australian Shelf (Sea/Bay/Gulf)
1779,West Greenland Shelf (Sea/Bay/Gulf)
1466,Western and Northern Madagascar (Sea/Bay/Gulf)
1458,Western Arabian Sea (Sea/Bay/Gulf)
1572,Western Bassian (Sea/Bay/Gulf)
1434,Western Caribbean (Sea/Bay/Gulf)
1365,Western Coral Triangle (sea/bay/gulf)
1540,Western Galapagos Islands (Sea/Bay/Gulf)
1469,Western India (Sea/Bay/Gulf)
1366,Western Indian Ocean (sea/bay/gulf)
1216,Western Indo-Pacific (sea/bay/gulf)
1401,Western Mediterranean (Sea/Bay/Gulf)
1477,Western Sumatra (Sea/Bay/Gulf)
1122,White Sea (Sea/Bay/Gulf)
1621,White Volta (River (basin))
61,Xi Jiang (River (basin))
14,Yangtze (River (basin))
1814,Yangtze Estuary (Sea/Bay/Gulf)
18,Yellow River (China) (River (basin))
257,Yellow Sea (Sea/Bay/Gulf)
17,Yenisei-Angara (River (basin))
325,Yili River (River (basin))
552,Youngsan (River (basin))
33,Yukon (River (basin))
310,Yun-gan (Sea/Bay/Gulf)
45,Zambezi (River (basin))
1668,Zanzibar &amp; Pemba (River (basin))
437,Zapadnaya Seamount (Seamount)
1672,Ziway &amp; Shala (Lake)</select>
